Sample Date,Latitude,Longitude,Total Pieces/L ,,,
7/1/2013,59.3786833,-153.5208667,1,,,
7/1/2013,59.3681333,-153.5523333,1,,,
7/1/2013,59.3414667,-153.5497667,14,,,
7/1/2013,59.6387167,-153.3956667,17,,,
7/1/2013,59.3736,-153.4480667,71,,,
7/1/2013,59.3929667,-153.50715,2,,,
9/23/2013,43.6612,-70.2389,17,,,
10/16/2013,41.24665,-72.51363,8,,,
10/28/2013,39.3513,-76.144783,2,,,
11/2/2013,39.284783,-76.609267,12,,,
11/13/2013,38.3314,-76.4596,3,,,
11/16/2013,37.8014,-76.2905,10,,,
11/16/2013,37.3026,-76.2937,7,,,
11/17/2013,18.3047,-65.2968,12,,,
11/17/2013,-51.3082,-60.5467,8,,,
11/18/2013,36.8463,-76.3002,4,,,
11/18/2013,-51.6918,-57.8586,12,,,
11/21/2013,-54.8869,-67.9369,6,,,
11/21/2013,-54.1567,-36.7097,9,,,
11/21/2013,31.3438,-71.3528,61,,,
11/22/2013,-54.132,-36.826,12,,,
11/23/2013,-54.7383,-69.6171,12,,,
11/23/2013,-54.9431,-69.4812,1,,,
11/23/2013,30.5659,-70.6258,22,,,
11/23/2013,-54.434,-36.187,13,,,
11/24/2013,29.3275,-69.3097,175,,,
11/26/2013,25.8486,-67.5656,29,,,
11/27/2013,21.221189,-86.732542,10,,,
11/27/2013,24.2909,-67.3977,32,,,
11/28/2013,21.031301,-86.791189,6,,,
11/28/2013,-54.941,-69.1525,1,,,
11/28/2013,-54.941,-69.157,10,,,
11/28/2013,23.0016,-67.2478,28,,,
11/29/2013,24.417222,-110.31222,17,,,
11/29/2013,20.647611,-87.050925,1,,,
11/29/2013,-54.9338,-67.6162,1,,,
11/29/2013,-64.8439,-62.5312,31,,,
12/3/2013,24.163333,-110.317222,7,,,
12/3/2013,17.2776,-87.80551,15,,,
12/4/2013,17.32112,-87.78921,10,,,
12/5/2013,17.40976,-87.92763,15,,,
12/5/2013,17.31051,-87.80113,9,,,
12/5/2013,17.2826,-87.81142,239,,,
12/8/2013,-62.4113,-59.7428,2,,,
12/8/2013,-62.0955,-59.9032,17,,,
12/11/2013,18.4599,-66.093,173,,,
12/15/2013,-64.5771,-62.2257,12,,,
12/17/2013,-65.1775,-64.1291,116,,,
12/28/2013,9.556027,-79.654444,13,,,
12/31/2013,9.287916,-82.391222,23,,,
1/1/2014,9.3385,-82.239888,27,,,
1/2/2014,11.47168,-86.13136,6,,,
1/3/2014,20.396161,-87.313191,4,,,
1/7/2014,20.210337,-87.430163,2,,,
1/8/2014,18.335767,-64.92775,2,,,
1/13/2014,18.3464,-64.791,19,,,
1/18/2014,18.4547,-64.442133,1,,,
1/19/2014,18.37405,-64.531216,0,,,
1/25/2014,18.334183,-64.926333,8,,,
1/27/2014,20.29884,-87.00539,3,,,
2/1/2014,20.44935,-86.9901,2,,,
2/2/2014,17.749514,-87.025033,0,,,
2/2/2014,20.5448,-86.88051,2,,,
2/4/2014,17.749514,-87.025033,4,,,
2/4/2014,17.749514,-87.025033,0,,,
2/4/2014,20.38284,-86.87464,0,,,
2/7/2014,17.6365,-63.257333,0,,,
2/9/2014,17.480733,-62.990067,12,,,
2/11/2014,17.29105,-62.729383,13,,,
2/13/2014,16.801617,-62.208483,26,,,
2/17/2014,15.980333,-61.717516,0,,,
2/19/2014,15.86735,-61.589483,1,,,
2/21/2014,15.579333,-61.463216,5,,,
2/23/2014,38.15334,-122.88948,0,,,
3/3/2014,66.1741,-23.2302,6,,,
3/4/2014,14.5984,-61.0695,4,,,
3/6/2014,17.3028,-87.8344,6,,,
3/9/2014,9.94286,-85.67066,30,,,
3/10/2014,14.0726,-60.9595,0,,,
3/11/2014,12.4856,-61.4597,2,,,
3/15/2014,17.4983,-87.8358,0,,,
3/16/2014,11.9958,-61.7631,1,,,
3/16/2014,9.99624,-85.70344,12,,,
3/17/2014,-46.475,169.7,8,,,
3/17/2014,32.7565765,-117.247553,3,,,
3/17/2014,32.76428,-117.170077,41,,,
3/20/2014,12.593,-61.4123,1,,,
3/22/2014,17.0084,-61.764,2,,,
3/22/2014,12.6352,-61.3617,5,,,
3/23/2014,12.7077,-61.3287,12,,,
3/23/2014,17.0765,-61.8998,2,,,
3/28/2014,-34.6,21.2,10,,,
3/29/2014,13.01,-61.2434,3,,,
3/31/2014,56.00861,-3.39361,9,,,
4/2/2014,30.1869702,-85.7308062,19,,,
4/2/2014,30.1863257,-85.7392307,8,,,
4/6/2014,32.576721,-117.133016,2,,,
4/13/2014,16.3062,-61.7993,3,,,
4/17/2014,64.1817,-51.5262,14,,,
4/21/2014,17.0123,-61.7707,2,,,
4/24/2014,28.57,-77.2783,15,,,
4/25/2014,32.925395,-117.249481,4,,,
4/26/2014,33.175,-77.24,122,,,
4/27/2014,17.8972,-62.8575,0,,,
4/30/2014,-27.1,9.8,58,,,
5/4/2014,25.563633,-136.390417,103,,,
5/4/2014,27.560867,-135.580983,132,,,
5/5/2014,-18.7,0.6,1,,,
5/5/2014,59.609,-151.349,0,,,
5/5/2014,39.095,-73.73,40,,,
5/5/2014,59.579,-151.423,5,,,
5/6/2014,40.1117,-72.4767,64,,,
5/7/2014,22.015317,-138.761417,55,,,
5/7/2014,-16.7,-4.3,2,,,
5/11/2014,17.756867,-146.223,50,,,
5/13/2014,17.643,-151.337483,29,,,
5/13/2014,8.49194,-13.29194,1,,,
5/14/2014,-35.213333,174.135,2,,,
5/17/2014,-7.8,-14.5,0,,,
5/19/2014,18.438217,-161.516233,101,,,
5/21/2014,18.0327,-63.0973,2,,,
5/22/2014,20.3746,-63.3564,61,,,
5/22/2014,-5.3,-25.7,5,,,
5/23/2014,22.3494,-63.5046,13,,,
5/24/2014,24.1854,-63.6332,12,,,
5/25/2014,25.212,-63.6839,10,,,
5/26/2014,26.1552,-63.7472,6,,,
5/27/2014,27.1606,-63.9837,15,,,
5/28/2014,27.961,-64.1088,5,,,
5/31/2014,0,-42,4,,,
6/3/2014,17.844283,173.1261,130,,,
6/3/2014,5.6,-48.6,0,,,
6/5/2014,9.1,-55.8,4,,,
6/5/2014,32.375,-64.6744,5,,,
6/7/2014,34.8478,-67.985,11,,,
6/8/2014,35.6686,-69.1216,8,,,
6/9/2014,36.4294,-70.2493,9,,,
6/10/2014,32.248926,-64.833316,5,,,
6/10/2014,22.033683,161.8278,37,,,
6/10/2014,37.838,-70.825,6,,,
6/10/2014,34.48333,-69.25667,6,,,
6/11/2014,12,-61.7,2,,,
6/11/2014,35.68833,-71.47667,6,,,
6/12/2014,32.30297,-64.739703,7,,,
6/12/2014,35.84167,-72.61,8,,,
6/12/2014,36.27333,-73.10333,10,,,
6/14/2014,41.4793,-71.3283,9,,,
6/15/2014,23.908617,154.265083,68,,,
6/17/2014,32.364797,-64.712603,6,,,
6/26/2014,31.80725,140.951167,111,,,
7/1/2014,59.4376,-150.586,2,,,
7/4/2014,27.0786333,-131.5791,13,,,
7/4/2014,59.611,-149.6231,1,,,
7/6/2014,30.42867,-81.3915,0,,,
7/9/2014,22,-149.9,36,,,
7/16/2014,29.353,-120.2311,3,,,
7/19/2014,24.831583,-144.2614167,4,,,
7/22/2014,32.8710833,-143.43865,16,,,
7/23/2014,59.0875,-152.3912,66,,,
7/23/2014,58.8857,-152.1576,4,,,
7/23/2014,59.1755,-152.0623,25,,,
7/23/2014,58.8857,-152.1576,3,,,
7/26/2014,28.3849,-118.7021,4,,,
7/26/2014,23.27306666,-150.0637333,24,,,
8/5/2014,22.996316,-146.977833,13,,,
8/11/2014,55.19839,-131.15373,7,,,
8/23/2014,38.720171,-75.089518,4,,,
8/30/2014,58.12964,-136.43672,3,,,
8/30/2014,32.2614,-116.9911,4,,,
9/3/2014,7.28142,134.4707,6,,,
9/3/2014,44.68741,-1.23216,2,,,
9/4/2014,7.32998,134.46573,21,,,
9/4/2014,44.69592,-1.26258,2,,,
9/6/2014,7.10333,134.23854,9,,,
9/6/2014,7.13265,134.29204,40,,,
9/7/2014,6.99325,134.31082,5,,,
9/11/2014,7.25368,134.24516,12,,,
9/11/2014,7.28116,134.28864,5,,,
9/11/2014,-42.24,-64.05,1,,,
9/12/2014,22.8167,-156.985,16,,,
9/13/2014,23.6348,-154.91,16,,,
9/13/2014,23.6348,-154.91,12,,,
9/13/2014,23.6348,-154.91,9,,,
9/13/2014,7.63095,134.54713,8,,,
9/13/2014,7.77659,134.56976,8,,,
9/14/2014,24.8516,-152.3562,8,,,
9/14/2014,24.8516,-152.3562,5,,,
9/14/2014,24.8516,-152.3562,9,,,
9/14/2014,43.1094,3.11435,2,,,
9/14/2014,43.13627,3.01015,0,,,
9/14/2014,33.4228,-117.6241,2,,,
9/15/2014,25.7248,-149.7316,11,,,
9/15/2014,25.7248,-149.7316,8,,,
9/15/2014,25.7248,-149.7316,15,,,
9/17/2014,27.0671,-144.2697,17,,,
9/17/2014,27.0671,-144.2697,15,,,
9/17/2014,27.0671,-144.2697,13,,,
9/18/2014,28.4649,-141.808,11,,,
9/18/2014,28.4649,-141.808,10,,,
9/19/2014,29.467,-138.8152,8,,,
9/19/2014,29.467,-138.8152,5,,,
9/20/2014,30.1093,-136.2664,8,,,
9/21/2014,30.7981,-133.0207,8,,,
9/21/2014,31.697,-129.0366,20,,,
9/21/2014,7.07776,134.30825,15,,,
9/21/2014,7.31303,134.2236,1,,,
9/22/2014,31.697,-129.0366,13,,,
9/23/2014,32.3905,-125.8473,16,,,
9/23/2014,32.3905,-125.8473,19,,,
9/24/2014,33.1155,-122.512,29,,,
9/24/2014,33.1155,-122.512,27,,,
9/28/2014,40.478162,-74.016266,2,,,
10/1/2014,44.53387,-67.8735,9,,,
10/4/2014,37.7,-122.1911,2,,,
10/6/2014,44.32022,-68.3129,1,,,
10/6/2014,44.2767,-68.3082,7,,,
10/7/2014,44.21675,-68.566861,8,,,
10/11/2014,33.76,-118.1551,5,,,
10/14/2014,58.00415,-153.268494,14,,,
10/25/2014,33.86361,10.97444,4,,,
10/25/2014,41.115233,-73.330736,0,,,
10/25/2014,32.1204,-116.8859,6,,,
10/27/2014,34.2083,-77.7985,12,,,
10/28/2014,20.763,-105.521,4,,,
10/31/2014,32.429,-80.682,0,,,
11/4/2014,17.883,-102.426,7,,,
11/4/2014,9.419722,-79.9675,1,,,
11/7/2014,-10.2995,166.2958,1,,,
11/8/2014,-33.845626,151.281178,2,,,
11/8/2014,-33.893004,151.282359,1,,,
11/8/2014,-33.987899,151.229558,2,,,
11/8/2014,-33.945854,151.2608,0,,,
11/8/2014,-33.919823,151.26097,4,,,
11/9/2014,-33.853602,151.208683,2,,,
11/9/2014,-33.800397,151.285572,2,,,
11/9/2014,-33.799049,151.291585,4,,,
11/10/2014,18.52985,-24.85955,20,,,
11/10/2014,25.69581667,-16.82878333,46,,,
11/10/2014,9.310556,-79.919722,54,,,
11/10/2014,24.66666667,-17.7,37,,,
11/10/2014,26.39,-16.05944444,7,,,
11/11/2014,24.73466667,-17.49166667,1,,,
11/11/2014,24.89666667,-17.76166667,15,,,
11/11/2014,24.94333333,-18.17166667,15,,,
11/11/2014,24.52756667,-17.95046667,44,,,
11/11/2014,24.3061,-18.14383333,3,,,
11/11/2014,24.3935,-18.28266667,65,,,
11/11/2014,25.00633333,-17.51666667,10,,,
11/11/2014,24.62083333,-17.56061667,12,,,
11/11/2014,24.88566667,-18.8101,4,,,
11/12/2014,22.9035,-19.11716667,8,,,
11/12/2014,22.8395,-19.3,0,,,
11/12/2014,22.83416667,-18.9109,15,,,
11/12/2014,22.781,-19.501,4,,,
11/12/2014,22.3,-20.07,3,,,
11/12/2014,22.34133333,-19.9525,4,,,
11/12/2014,23.88705,-18.58373333,8,,,
11/12/2014,21.36518333,-19.47301667,12,,,
11/13/2014,20.34108333,-21.78325,8,,,
11/13/2014,21.1235,-21.27366667,53,,,
11/13/2014,19.03863333,-22.72206667,29,,,
11/13/2014,19.64066667,-21.26666667,8,,,
11/13/2014,26.7097,-80.0475,0,,,
11/13/2014,20.12833333,-22.12833333,7,,,
11/14/2014,18.67486667,-23.35728333,2,,,
11/14/2014,19.005,-23.21166667,0,,,
11/14/2014,19.93901667,-22.13566667,22,,,
11/14/2014,19.0945,-23.16116667,10,,,
11/14/2014,18.69583333,-23.50483333,81,,,
11/14/2014,19.5065,-22.65305,0,,,
11/14/2014,19.38455,-21.2648,14,,,
11/14/2014,18.79,-22.89833333,8,,,
11/14/2014,18.38708333,-24.07995,3,,,
11/14/2014,47.3321,-122.5804,0,,,
11/14/2014,19.61972222,-21.37277778,10,,,
11/15/2014,17.2434,-24.76586667,8,,,
11/15/2014,17.82483333,-24.31583333,114,,,
11/15/2014,17.27083333,-24.51181667,10,,,
11/15/2014,15.757,-96.117,1,,,
11/15/2014,47.38,-122.6407,1,,,
11/15/2014,26.3461,-80.0731,3,,,
11/15/2014,47.3421,-122.776,2,,,
11/15/2014,17.45908333,-23.95976667,22,,,
11/17/2014,16.88578333,-24.99123333,0,,,
11/17/2014,-51.315,-60.2483,1,,,
11/19/2014,16.89416667,-25.04266667,7,,,
11/20/2014,16.81666667,-27.82,15,,,
11/20/2014,16.3997,-28.74345,33,,,
11/20/2014,16.68993333,-28.03765,4,,,
11/20/2014,16.84816667,-28.2345,41,,,
11/20/2014,16.69333333,-28.22833333,20,,,
11/21/2014,17.09855,-29.98701667,4,,,
11/21/2014,16.8749,-32.3976,1,,,
11/21/2014,16.6525,-31.20533333,2,,,
11/21/2014,17.115,-31.35733333,45,,,
11/21/2014,16.35,-31.3,4,,,
11/21/2014,16.88333333,-29.51666667,8,,,
11/21/2014,16.6144,-29.0109,12,,,
11/21/2014,16.75833333,-30.12333333,10,,,
11/21/2014,25.3,-18.93333333,13,,,
11/21/2014,16,-32,4,,,
11/21/2014,27.3182,-16.0608,21,,,
11/21/2014,-54.2844,-36.5065,1,,,
11/21/2014,17.1,-29.97555556,2,,,
11/22/2014,16.48548333,-31.88436667,1,,,
11/22/2014,16.9637,-32.65483333,20,,,
11/22/2014,16.107,-32.279,9,,,
11/22/2014,16.73098333,-34.88593333,20,,,
11/22/2014,17.39283333,-32.97816667,3,,,
11/22/2014,16.76166667,-33.645,5,,,
11/22/2014,38.5046,16.8681,7,,,
11/22/2014,-54.057,-37.3321,6,,,
11/22/2014,16.81666667,-33.56666667,1,,,
11/22/2014,17.04296667,-32.85393333,4,,,
11/23/2014,16.61071667,-33.55808333,2,,,
11/23/2014,16,-38,5,,,
11/23/2014,22.87673,-109.89605,3,,,
11/23/2014,-15.4537,166.6706,13,,,
11/23/2014,17.665,-35.24833333,12,,,
11/24/2014,16.675,-37.515,7,,,
11/24/2014,17.18866667,-39.315,0,,,
11/24/2014,17.05566667,-39.71016667,28,,,
11/24/2014,16.66666667,-40.45,2,,,
11/24/2014,16.43333333,-37.83333333,5,,,
11/24/2014,17.11355,-40.52743333,1,,,
11/24/2014,16.29961667,-37.16975,5,,,
11/24/2014,15.58021667,-35.61666667,5,,,
11/24/2014,28.12443333,-15.41548333,3,,,
11/24/2014,13.254,-88.909,7,,,
11/24/2014,-0.7485,-90.313116,1,,,
11/24/2014,17.12183333,-37.43333333,75,,,
11/24/2014,18.77166667,-39.06333333,6,,,
11/24/2014,25.61118333,-18.86296667,19,,,
11/25/2014,16.4215,-42.66446667,38,,,
11/25/2014,16.16283333,-41.06683333,0,,,
11/25/2014,16.97,-41.27,8,,,
11/25/2014,15.93666667,-40.09333333,3,,,
11/25/2014,26.75183333,-18.34233333,3,,,
11/25/2014,27.09513333,-18.21898333,15,,,
11/25/2014,27.1,-22.46,5,,,
11/25/2014,25.44416667,-16.43998333,12,,,
11/25/2014,26.43095,-17.0075,3,,,
11/25/2014,16,-44,3,,,
11/25/2014,21.6291,-23.7028,14,,,
11/25/2014,16.38333333,-41.86666667,6,,,
11/25/2014,26.36666667,-16.81666667,38,,,
11/25/2014,16.85586667,-40.45415,3,,,
11/25/2014,17.44055556,-38.88944444,10,,,
11/26/2014,15.87561667,-42.97908333,5,,,
11/26/2014,26.34333333,-20.96333333,19,,,
11/26/2014,15.59491667,-42.74123333,21,,,
11/26/2014,16.49968333,-41.97786667,0,,,
11/26/2014,26.11883333,-19.35183333,5,,,
11/26/2014,26.63833333,-21.39166667,34,,,
11/26/2014,26.27,-21.49,1,,,
11/26/2014,25.01333333,-20.67301667,12,,,
11/26/2014,26.34421667,-20.01081667,34,,,
11/26/2014,26.02833333,-20.27333333,6,,,
11/26/2014,25.24573333,-21.11998333,6,,,
11/26/2014,25.75266667,-19.2615,6,,,
11/26/2014,25.96663333,-19.90691667,9,,,
11/26/2014,23.51533333,-18.70628333,8,,,
11/26/2014,25.65666667,-18.448,207,,,
11/26/2014,25.76488333,-20.52791667,16,,,
11/26/2014,25.19,-18.60833333,8,,,
11/26/2014,24.591,-17.84916667,4,,,
11/26/2014,25.38,-18.59,0,,,
11/26/2014,26.47348333,-18.52875,0,,,
11/26/2014,27.21666667,-32.11666667,8,,,
11/26/2014,25.10598333,-19.5708,22,,,
11/26/2014,26.35166667,-18.7,18,,,
11/26/2014,25.43483333,-19.10833333,24,,,
11/26/2014,47.803319,-122.676269,0,,,
11/26/2014,25.63833333,-19.64,3,,,
11/26/2014,25.52366667,-20.86265,5,,,
11/26/2014,25.08641667,-18.41376667,10,,,
11/26/2014,25.16646667,-17.83526667,10,,,
11/26/2014,24.72916667,-19.29683333,26,,,
11/26/2014,17.01166667,-42.68833333,22,,,
11/27/2014,16.154,-47.87966667,60,,,
11/27/2014,15.89071667,-43.10345,4,,,
11/27/2014,15.88265,-44.42756667,3,,,
11/27/2014,15.98,-45.2,5,,,
11/27/2014,15.44721667,-44.96908333,10,,,
11/27/2014,16.4895,-47.21433333,2,,,
11/27/2014,15.26666667,-50.6,3,,,
11/27/2014,24.25666667,-20.63,6,,,
11/27/2014,24.28333333,-22.1,15,,,
11/27/2014,26.41483333,-25.07,6,,,
11/27/2014,24.51166667,-25.93833333,12,,,
11/27/2014,24.53375,-24.49555,10,,,
11/27/2014,25.60635,-23.66961667,4,,,
11/27/2014,25.4415,-23.65051667,5,,,
11/27/2014,23.8825,-21.5175,13,,,
11/27/2014,25.27583333,-23,14,,,
11/27/2014,24.23166667,-21.22166667,33,,,
11/27/2014,23.35,-21.67166667,1,,,
11/27/2014,23.72383333,-21.22766667,2,,,
11/27/2014,17.02881667,-46.42858333,23,,,
11/27/2014,15.75,-48.27,3,,,
11/27/2014,24.44478,-110.38126,2,,,
11/27/2014,24.44633,-110.37154,3,,,
11/27/2014,24.58333333,-21.65,21,,,
11/27/2014,23.783563,-22.70022,60,,,
11/28/2014,15.52,-48.025,4,,,
11/28/2014,15.63326667,-51.03251667,68,,,
11/28/2014,14.89611667,-50.92618333,2,,,
11/28/2014,15.93333333,-45.66666667,3,,,
11/28/2014,15.50336667,-52.455,2,,,
11/28/2014,22.49483333,-29.73416667,25,,,
11/28/2014,23.29866667,-27.369,24,,,
11/28/2014,23.36666667,-28.18333333,4,,,
11/28/2014,14.31541667,-59.53811667,35,,,
11/28/2014,21.22466667,-22.70683333,8,,,
11/28/2014,20.73105,-23.63223333,11,,,
11/28/2014,16.23198333,-49.0303,6,,,
11/28/2014,-17.75,168.3,0,,,
11/28/2014,37.533,5.7742,10,,,
11/28/2014,24.99333,-26.21167,24,,,
11/28/2014,15.58333333,-49.28333333,3,,,
11/28/2014,17.23833333,-48.91,4,,,
11/29/2014,14.46568333,-50.56018333,143,,,
11/29/2014,15.31983333,-50.41816667,2,,,
11/29/2014,15.18671667,-54.71373333,4,,,
11/29/2014,21.945,-26.34833333,5,,,
11/29/2014,22.2,-26.18,3,,,
11/29/2014,21.99245,-28.50413333,13,,,
11/29/2014,22.57166667,-25.13333333,119,,,
11/29/2014,20.673,-25.32733333,6,,,
11/29/2014,21.318,-28.0175,15,,,
11/29/2014,21.48168333,-32.70376667,6,,,
11/29/2014,15.1565,-51.1475,0,,,
11/29/2014,23.07576667,-30.05313333,8,,,
11/29/2014,24.37,-31.78166667,11,,,
11/29/2014,23.08,-31,3,,,
11/29/2014,29.53,-29.2,7,,,
11/29/2014,20.12353333,-27.66526667,13,,,
11/29/2014,21.72466667,-27.03566667,16,,,
11/29/2014,22.59148333,-31.70966667,8,,,
11/29/2014,22.38333333,-29.5,50,,,
11/29/2014,22.375,-28.42333333,0,,,
11/29/2014,21.17388333,-26.61033333,3,,,
11/29/2014,22.78333333,-32.48666667,36,,,
11/29/2014,21.27033333,-27.4669,0,,,
11/29/2014,21.8869,-29.55528333,7,,,
11/29/2014,21.2261,-24.5003,2,,,
11/29/2014,20.93083333,-27.19516667,2,,,
11/29/2014,21.46666667,-25.26666667,2,,,
11/29/2014,22.51266667,-26.7275,4,,,
11/29/2014,19.90383333,-24.992,243,,,
11/29/2014,20.8727,-34.7584,10,,,
11/29/2014,41.79,-69.93,1,,,
11/29/2014,19.136,-96.1015,1,,,
11/29/2014,58.473832,-3.100779,2,,,
11/29/2014,16.24183333,-48.62333333,37,,,
11/29/2014,21.14333333,-27.36166667,4,,,
11/29/2014,23.00553333,-29.57468333,7,,,
11/29/2014,18.83333333,-23.48333333,13,,,
11/29/2014,16.33583333,-48.56055556,4,,,
11/29/2014,16.03,-49.88166667,33,,,
11/29/2014,20.37431667,-26.70003333,11,,,
11/29/2014,20.20356667,-22.165,58,,,
11/29/2014,19.80616667,-25.21366667,165,,,
11/29/2014,20.04595,-22.34128333,75,,,
11/30/2014,14.65016667,-51.93333333,7,,,
11/30/2014,14.25,-56.83,4,,,
11/30/2014,14.19335,-56.83846667,2,,,
11/30/2014,22.67616667,-31.305,8,,,
11/30/2014,14.91178333,-58.68631667,2,,,
11/30/2014,14.1,-59.48333333,1,,,
11/30/2014,21.31,-28.02,6,,,
11/30/2014,21.55,-29.83333333,8,,,
11/30/2014,23.51666667,-35.61666667,4,,,
11/30/2014,22.61865,-26.3271,10,,,
11/30/2014,20.72666667,-28.35166667,18,,,
11/30/2014,20.89306667,-28.1017,6,,,
11/30/2014,20.90966667,-35.03066667,21,,,
11/30/2014,18.7815,-27.416,25,,,
11/30/2014,20.01471667,-28.87805,33,,,
11/30/2014,21.70283333,-32.52633333,2,,,
11/30/2014,22.49133333,-29.36183333,8,,,
11/30/2014,15.0295,-55.487,43,,,
11/30/2014,15.88,-53.56283333,3,,,
12/1/2014,15.18333333,-52.21666667,2,,,
12/1/2014,21.52556667,-36.05666667,0,,,
12/1/2014,14.72283333,-54.846,4,,,
12/1/2014,19.79396667,-39.02778333,8,,,
12/1/2014,14.41563333,-60.4058,6,,,
12/1/2014,14.11666667,-60.91666667,0,,,
12/1/2014,22.48616667,-26.21683333,22,,,
12/1/2014,22.89,-38.7475,10,,,
12/1/2014,18.24285,-29.14131667,11,,,
12/1/2014,14.87351667,-53.51941667,0,,,
12/1/2014,18.56618333,-29.6928,40,,,
12/1/2014,15.4095,-55.187,0,,,
12/1/2014,20.57,-37.58,2,,,
12/1/2014,22.2,-35.78,7,,,
12/1/2014,14.76666667,-56.28333333,0,,,
12/1/2014,15.02333333,-56.81666667,1,,,
12/2/2014,13.87251667,-54.64131667,2,,,
12/2/2014,23.03333333,-36.63333333,1,,,
12/2/2014,14.45833333,-57.08166667,3,,,
12/2/2014,20.58666667,-33.88,3,,,
12/2/2014,20.27,-34.15,1,,,
12/2/2014,14.16156667,-59.83366667,6,,,
12/2/2014,20.48566667,-37.36616667,5,,,
12/2/2014,21.85666667,-40.355,14,,,
12/2/2014,13.70485,-53.60666667,13,,,
12/2/2014,20.91146667,-35.97096667,10,,,
12/2/2014,20.68333333,-35.21666667,28,,,
12/2/2014,19.27163333,-39.68005,12,,,
12/2/2014,19.68883333,-35.70815,29,,,
12/2/2014,14.47666667,-59.06,3,,,
12/2/2014,21.50531667,-36.78876667,5,,,
12/2/2014,20.83928333,-34.3761,7,,,
12/2/2014,19.225,-31.60666667,11,,,
12/2/2014,14.06909667,-61.00966667,8,,,
12/2/2014,17.707,-31.39166667,1,,,
12/2/2014,20.6,-33.51666667,6,,,
12/2/2014,19.93366667,-42.08496667,16,,,
12/2/2014,19.2,-41.78333333,38,,,
12/2/2014,20.26921667,-31.32838333,2,,,
12/2/2014,17.94898333,-33.89238333,1,,,
12/2/2014,20.75833333,-37.31,5,,,
12/2/2014,21.35166667,-32.56166667,54,,,
12/2/2014,19.97783333,-38.28505,6,,,
12/2/2014,20.36944444,-35.275,1,,,
12/2/2014,20.03421667,-37.62073333,64,,,
12/2/2014,15.157222,-109.59,0,,,
12/2/2014,47.1722,-122.603,19,,,
12/2/2014,47.2972,-122.4301,32,,,
12/2/2014,21.01851667,-37.79991667,6,,,
12/2/2014,21.21093333,-27.45345,1,,,
12/2/2014,19.81833333,-36.20833333,3,,,
12/2/2014,14.99466667,-54.46416667,75,,,
12/2/2014,18.94551667,-29.60133333,3,,,
12/2/2014,14.82875,-58.0586,3,,,
12/3/2014,18.59225,-40.64,108,,,
12/3/2014,20.3775,-40.39066667,33,,,
12/3/2014,19.46666667,-44.21666667,0,,,
12/3/2014,19.84816667,-35.13516667,10,,,
12/3/2014,14.11983333,-60.8745,0,,,
12/3/2014,21.00483333,-31.76603333,28,,,
12/3/2014,19.73333333,-43.11666667,5,,,
12/3/2014,21.06983333,-37.076,10,,,
12/3/2014,20.01,-38.22,22,,,
12/3/2014,17.9376,-37.34746667,3,,,
12/3/2014,18.88495,-35.85036667,9,,,
12/3/2014,13.82833333,-58.9175,10,,,
12/3/2014,19.45,-45.07666667,60,,,
12/3/2014,14.30388333,-59.83926667,6,,,
12/3/2014,20.24103333,-40.73505,28,,,
12/3/2014,14.4365,-58.66233333,28,,,
12/3/2014,19.35,-44.05,6,,,
12/3/2014,20.31666667,-36.33333333,14,,,
12/3/2014,18.78883333,-38.3155,38,,,
12/3/2014,19.09606667,-30.27738333,139,,,
12/3/2014,18.4875,-35.67416667,27,,,
12/4/2014,18.35753333,-45.79335,3,,,
12/4/2014,17.95085,-43.92333333,47,,,
12/4/2014,14.1,-58.1,0,,,
12/4/2014,17.87521667,-45.87501667,16,,,
12/4/2014,17.08133333,-28.11183333,6,,,
12/4/2014,20.6485,-40.32128333,49,,,
12/4/2014,17.59833333,-36.63333333,20,,,
12/4/2014,17.58728333,-46.47501667,0,,,
12/4/2014,18.73283333,-35.67933333,0,,,
12/4/2014,17.40416667,-48.82516667,11,,,
12/4/2014,17.32508333,-42.49395,3,,,
12/4/2014,17.46166667,-48.46166667,45,,,
12/4/2014,17.34633333,-36.238,5,,,
12/4/2014,20.00083333,-45.5125,15,,,
12/4/2014,18.77916667,-47.456,6,,,
12/4/2014,14.22866667,-59.44453333,3,,,
12/4/2014,17.279,-44.10783333,11,,,
12/4/2014,16.58113333,-41.00536667,0,,,
12/4/2014,18.61666667,-47.86666667,8,,,
12/4/2014,26.75014,-77.31677,17,,,
12/4/2014,47.3001,-122.5335,5,,,
12/4/2014,12.478,-87.261,10,,,
12/4/2014,13.56,-59.02,10,,,
12/4/2014,14.44361111,-58.46583333,19,,,
12/5/2014,17.60333333,-39.82,12,,,
12/5/2014,18.53,-41.32,2,,,
12/5/2014,15.41818333,-41.2341,3,,,
12/5/2014,18.61083333,-48.18516667,3,,,
12/5/2014,17.81666667,-42.53333333,139,,,
12/5/2014,19.15296667,-43.09646667,23,,,
12/5/2014,19,-43.95,12,,,
12/5/2014,15.71166667,-37.34666667,2,,,
12/5/2014,17.628,-48.34481667,4,,,
12/5/2014,19.02385,-41.998,3,,,
12/5/2014,14.18333333,-60.01666667,2,,,
12/5/2014,17.51293333,-48.54986333,9,,,
12/5/2014,17.76666667,-47.13333333,6,,,
12/5/2014,18.3,-48.1,7,,,
12/5/2014,19.08805,-43.6777,2,,,
12/5/2014,18.1069,-36.71701667,3,,,
12/5/2014,14.11025,-59.28061667,20,,,
12/5/2014,17.04061667,-44.90875,0,,,
12/5/2014,18.30433333,-45.50966667,22,,,
12/5/2014,18.12511667,-46.21311667,6,,,
12/5/2014,18.70473333,-44.61356667,6,,,
12/5/2014,15.11861667,-43.88981667,5,,,
12/5/2014,19.01666667,-38.445,92,,,
12/5/2014,17.80166667,-38.19,6,,,
12/5/2014,14.12461667,-60.83735,5,,,
12/5/2014,18.53444444,-42.89583333,0,,,
12/5/2014,16.5,-38.25216667,178,,,
12/5/2014,47.5122,-122.4973,13,,,
12/5/2014,47.7292,-122.5516,7,,,
12/5/2014,15.59,-50.18,6,,,
12/5/2014,17.12088333,-46.43686667,6,,,
12/5/2014,17.78496667,-44.90255,2,,,
12/5/2014,16.31908333,-35.89073333,51,,,
12/5/2014,16.866746,-48.250017,35,,,
12/6/2014,19.55,-45.24,8,,,
12/6/2014,18.58333333,-42.21666667,3,,,
12/6/2014,17.38016667,-46.67625,31,,,
12/6/2014,18.93333333,-41.51666667,4,,,
12/6/2014,18.32268333,-42.28146667,10,,,
12/6/2014,17.54983333,-47.654,18,,,
12/6/2014,15.18166667,-54.02166667,48,,,
12/6/2014,17.905,-41.2835,15,,,
12/6/2014,17.65055,-40.10676667,0,,,
12/6/2014,15.7974,-52.1839,5,,,
12/6/2014,15.4108,-53.83721667,0,,,
12/6/2014,35.9433,-6.1325,12,,,
12/6/2014,36.2787,-4.8408,10,,,
12/6/2014,47.2109,-122.9087,2,,,
12/6/2014,57.166746,-2.079351,0,,,
12/6/2014,35.9477,-5.3356,14,,,
12/6/2014,36.88667,10.33028,1,,,
12/6/2014,35.9716,-5.5907,4,,,
12/6/2014,14.55,-53.53,8,,,
12/6/2014,16.46,-46.59,18,,,
12/6/2014,18.2,-42.43333333,40,,,
12/6/2014,17.31483333,-45.49983333,16,,,
12/6/2014,17.52666667,-48.35333333,3,,,
12/6/2014,15.15626667,-41.09096667,1,,,
12/6/2014,18.0665,-35.95661667,16,,,
12/7/2014,15.85,-53.66666667,3,,,
12/7/2014,17.3595,-36.05183333,19,,,
12/7/2014,16.11975,-53.88823333,4,,,
12/7/2014,16.59666667,-43.53666667,37,,,
12/7/2014,15.4,-56.43333333,12,,,
12/7/2014,15.94066667,-55.8,5,,,
12/7/2014,16.4902,-42.69746667,4,,,
12/7/2014,15.67161667,-48.45315,5,,,
12/7/2014,17.07166667,-53.82583333,9,,,
12/7/2014,19.38,-40.5,6,,,
12/7/2014,15.85,-35.6,21,,,
12/7/2014,18.22583333,-45.857,49,,,
12/8/2014,18.1452,-43.99441667,4,,,
12/8/2014,16.53333333,-51.68333333,3,,,
12/8/2014,15.315,-46.68166667,3,,,
12/8/2014,13.85556667,-59.91851667,1,,,
12/8/2014,14.97011667,-57.98538333,9,,,
12/8/2014,13.7395,-44.58,2,,,
12/8/2014,15.45583333,-55.36683333,84,,,
12/8/2014,16.55,-49.12,0,,,
12/8/2014,14.22236667,-57.95605,14,,,
12/8/2014,15.22485,-52.11328333,1,,,
12/8/2014,15.03333333,-55.66666667,36,,,
12/8/2014,14.235,-60.505,90,,,
12/8/2014,18.917,-39.80001667,39,,,
12/8/2014,15.64981667,-51.00783333,0,,,
12/8/2014,14.10176667,-48.74166667,10,,,
12/8/2014,17.68628333,-51.76156667,5,,,
12/8/2014,15.05556667,-57.53335,2,,,
12/8/2014,16.46716667,-53.672,4,,,
12/8/2014,15.751465,-45.38028167,1,,,
12/8/2014,15.46573333,-54.91021667,25,,,
12/8/2014,15.95333333,-56.31333333,6,,,
12/8/2014,14.73333333,-50.45,5,,,
12/8/2014,15.8,-51.1,11,,,
12/8/2014,16.01,-45.6,171,,,
12/8/2014,13.63633333,-55.46983333,9,,,
12/8/2014,16.74138889,-49.86583333,3,,,
12/8/2014,15.35233333,-44.78133333,55,,,
12/8/2014,18.2261,-57.0836,4,,,
12/8/2014,14.26136667,-54.28093333,3,,,
12/8/2014,15.94876667,-52.51593333,2,,,
12/8/2014,15.66218333,-43.79253333,59,,,
12/9/2014,15.28983333,-54.20916667,38,,,
12/9/2014,16.91666667,-49.28333333,4,,,
12/9/2014,15.34848333,-49.64153333,4,,,
12/9/2014,18.73866667,-51.42,3,,,
12/9/2014,14.09066667,-52.59008333,1,,,
12/9/2014,16.17133333,-51.66023333,1,,,
12/9/2014,13.92376667,-59.2152,4,,,
12/9/2014,15.57166667,-47.48466667,8,,,
12/9/2014,14.7917,-55.66391667,2,,,
12/9/2014,16.412,-47.81633333,12,,,
12/9/2014,14.55,-59,17,,,
12/9/2014,-45.893411,170.517767,1,,,
12/9/2014,-45.908697,170.512847,4,,,
12/9/2014,15.185,-53.72666667,4,,,
12/9/2014,15.17666667,-53.27716667,5,,,
12/9/2014,16.06666667,-48.4,88,,,
12/9/2014,15.6301,-40.54681667,29,,,
12/10/2014,15.045,-51.36833333,21,,,
12/10/2014,14.9766,-50.55616667,1,,,
12/10/2014,14.5,-54.81666667,0,,,
12/10/2014,16.26,-55.52,13,,,
12/10/2014,16.11666667,-52.3,7,,,
12/10/2014,14.3305,-60.44133333,8,,,
12/10/2014,14.57338333,-58.9478,17,,,
12/10/2014,14.34316667,-56.31153333,3,,,
12/10/2014,15.73626667,-54.41428333,20,,,
12/10/2014,22.67,-64.81,0,,,
12/10/2014,18.1284,-62.3021,7,,,
12/10/2014,33.0586,-16.3226,3,,,
12/10/2014,9.597,-84.679,0,,,
12/10/2014,14.46666667,-42.83333333,11,,,
12/10/2014,14.13833333,-58.96833333,0,,,
12/10/2014,14.76816667,-55.98583333,13,,,
12/10/2014,14.15976667,-51.96058333,4,,,
12/11/2014,14.38666667,-53.965,4,,,
12/11/2014,14.18085,-55.9548,2,,,
12/11/2014,14.54111667,-51.9311,71,,,
12/11/2014,14.83158333,-53.37563333,0,,,
12/11/2014,14.33666667,-57.67333333,7,,,
12/11/2014,14.67863333,-57.28321667,34,,,
12/11/2014,15.13566667,-50.80966667,6,,,
12/11/2014,15.39293333,-57.70411667,25,,,
12/11/2014,14.30233333,-58.7245,23,,,
12/11/2014,15.23,-56.21,4,,,
12/11/2014,14.47166667,-59.54033333,4,,,
12/11/2014,15.50166667,-52.535,46,,,
12/11/2014,18.0351,-63.1007,5,,,
12/11/2014,15.08066667,-51.268,71,,,
12/11/2014,14.72006667,-58.9304,10,,,
12/11/2014,14.04666667,-58.84,2,,,
12/11/2014,14.48133333,-58.01616667,18,,,
12/11/2014,15.52633333,-56.18,30,,,
12/11/2014,15.0196,-51.86673333,68,,,
12/12/2014,14.54533333,-56.4675,30,,,
12/12/2014,15.07366667,-58.81733333,15,,,
12/12/2014,15.65366667,-49.543,4,,,
12/12/2014,19.22,-60.14,13,,,
12/12/2014,14.49341667,-59.5731,24,,,
12/12/2014,14.89833333,-54.59,4,,,
12/12/2014,14.96666667,-56.96666667,1,,,
12/12/2014,14.6989,-57.35078333,20,,,
12/12/2014,14.25175,-60.49313333,5,,,
12/12/2014,15.86416667,-53.98133333,10,,,
12/12/2014,14.34405,-58.62546667,14,,,
12/12/2014,15.07833333,-58.64444444,7,,,
12/12/2014,33.0612,-16.3139,9,,,
12/12/2014,45.660404,-123.930485,0,,,
12/12/2014,45.554362,-123.89967,0,,,
12/12/2014,14.85266667,-60.50233333,1,,,
12/12/2014,13.46786667,-57.38666667,4,,,
12/12/2014,14.52133333,-59.62733333,30,,,
12/13/2014,14.61333333,-58.76,123,,,
12/13/2014,14.03333333,-50.63333333,13,,,
12/13/2014,14.12806667,-60.79105,0,,,
12/13/2014,15.21181667,-49.82036667,44,,,
12/14/2014,14.34366667,-59.33883333,16,,,
12/14/2014,15.1785,-53.7555,0,,,
12/15/2014,14.82383333,-18.112,2,,,
12/15/2014,15.08366667,-53.00383333,1,,,
12/16/2014,14,-59,12,,,
12/19/2014,36.658056,-121.824722,0,,,
12/19/2014,15.9535,-94.0104,2,,,
12/19/2014,36.655556,-121.825833,0,,,
12/20/2014,48.117592,-122.751408,2,,,
12/20/2014,47.550434,-122.626476,0,,,
12/21/2014,36.955,-122.024444,0,,,
12/23/2014,18.3,-64.73,0,,,
12/25/2014,47.867867,-122.63503,3,,,
12/27/2014,37.34472,9.741111,0,,,
12/27/2014,36.547222,-121.930278,2,,,
12/30/2014,15.687,-96.237,7,,,
1/1/2015,15.8473,-98.0337,0,,,
1/3/2015,16.623,-99.6978,1,,,
1/9/2015,57.05247,-135.34912,0,,,
1/9/2015,57.0428,-135.32501,2,,,
1/9/2015,57.03858,-135.3736,15,,,
1/9/2015,57.03253,-135.39468,1,,,
1/9/2015,57.10157,-135.40662,0,,,
1/11/2015,57.685798,-2.001086,0,,,
1/16/2015,36.959167,-122.001389,1,,,
1/16/2015,36.960833,-122.012222,1,,,
1/17/2015,17.93,-62.87,0,,,
1/20/2015,24.2975,-17.583611,47,,,
1/22/2015,18,-63,2,,,
1/24/2015,17.0463,-29.3447,17,,,
1/28/2015,16.9997,-38.7717,3,,,
1/28/2015,18.46,-65.02,0,,,
1/28/2015,16.8575,-25.301667,9,,,
1/29/2015,13.533056,-95.803889,13,,,
1/29/2015,36.957222,-121.966944,2,,,
1/30/2015,13.948889,-99.156111,5,,,
1/31/2015,46.229261,-124.02341,2,,,
1/31/2015,17.9167,-45.4167,9,,,
1/31/2015,36.846111,-121.808333,1,,,
2/1/2015,17.1,-47.55,11,,,
2/2/2015,16.8667,-49.25,17,,,
2/3/2015,11.400556,-38.5222222,0,,,
2/4/2015,16.0667,-52.3833,62,,,
2/5/2015,21.826389,-108.015278,10,,,
2/6/2015,0.2891,-90.5589,3,,,
2/7/2015,25.707068,-80.15189,5,,,
2/7/2015,0.314018,-89.947055,2,,,
2/10/2015,12.386111,-53.097778,5,,,
2/11/2015,15.970833,-102.349722,6,,,
2/14/2015,10.088792,99.825303,4,,,
2/14/2015,11.238611,-59.607778,11,,,
2/15/2015,8.48083,81.33078,0,,,
2/18/2015,-37.923667,144.986456,2,,,
2/22/2015,25.1234,-76.8331,9,,,
2/23/2015,25.5377,-76.7583,8,,,
2/23/2015,27.7306,34.19273,5,,,
2/24/2015,18.41,-68.23,0,,,
2/25/2015,18.4889,-64.45,5,,,
2/27/2015,18.7167,-64.283333,1,,,
2/27/2015,-2.329292,140.083849,1,,,
2/28/2015,19.2,-69.33,0,,,
2/28/2015,28.544557,-14.064403,33,,,
2/28/2015,28.355649,-13.877698,20,,,
2/28/2015,28.74005,-13.860787,36,,,
2/28/2015,28.711806,-14.011643,17,,,
3/1/2015,28.689534,-14.013904,8,,,
3/1/2015,47.536529,-122.472239,0,,,
3/2/2015,36.9575,-122.024722,2,,,
3/3/2015,26.4443,-82.0791,1,,,
3/3/2015,10.302,-85.841417,1,,,
3/4/2015,7.122056,99.424308,0,,,
3/4/2015,26.4827,-82.1831,0,,,
3/7/2015,48.134811,-122.83977,11,,,
3/9/2015,9.66551,-85.19258,0,,,
3/12/2015,26.8408,-77.3893,9,,,
3/13/2015,-9.70974,46.53444,6,,,
3/14/2015,-9.7045,46.51059,2,,,
3/15/2015,-9.65893,47.56776,8,,,
3/15/2015,13.5857,-16.61065,1,,,
3/16/2015,-9.77359,47.56754,2,,,
3/16/2015,16.84971667,-87.78736667,2,,,
3/16/2015,16.79941667,-87.8548,3,,,
3/16/2015,16.87846667,-87.723645,5,,,
3/16/2015,16.79965,-87.85793333,2,,,
3/16/2015,16.9733,-87.70246667,0,,,
3/16/2015,16.71308333,-87.85485,0,,,
3/17/2015,-9.7522,47.60239,6,,,
3/17/2015,-9.66099,47.59412,12,,,
3/17/2015,26.6839,-77.173,19,,,
3/18/2015,19.346473,-81.186086,1,,,
3/19/2015,19.333085,-81.084537,0,,,
3/19/2015,19.280831,-81.245956,0,,,
3/19/2015,34.2421,-119.2627,1,,,
3/19/2015,-54.93996667,-69.15401667,6,,,
3/20/2015,-54.73725,-69.61313333,12,,,
3/22/2015,-9.38917,46.19691,2,,,
3/22/2015,39.95373,-74.19792,2,,,
3/23/2015,-9.49621,46.26835,6,,,
3/23/2015,-9.43685,46.20055,2,,,
3/23/2015,-54.54528333,-71.90823333,3,,,
3/24/2015,-9.36693,46.28516,4,,,
3/24/2015,-9.36719,46.24134,2,,,
3/24/2015,16.71485,-87.86828333,0,,,
3/24/2015,16.70053333,-87.88183333,1,,,
3/24/2015,16.71683333,-87.8784,0,,,
3/24/2015,16.71555,-87.8752,0,,,
3/24/2015,16.7594,-87.77516667,0,,,
3/24/2015,16.71986667,-87.7875,10,,,
3/24/2015,-54.5059,-72.02303333,4,,,
3/24/2015,-54.4125,-71.25286667,29,,,
3/25/2015,-9.45176,46.42526,2,,,
3/26/2015,-9.39329,46.24915,5,,,
3/26/2015,-9.72988,46.50068,0,,,
3/26/2015,11.32402,-15.65448,2,,,
3/27/2015,25.15076,-80.51313,2,,,
3/28/2015,33.9854,-119.6378,2,,,
3/28/2015,24.81072,-80.82795,2,,,
3/29/2015,33.4524,-119.0053,0,,,
3/29/2015,25.1291,-80.3896,3,,,
3/30/2015,32.8454,-118.3583,1,,,
4/2/2015,25.8,-79.36,0,,,
4/5/2015,46.270759,-124.074542,1,,,
4/5/2015,36.957915,-121.968467,1,,,
4/5/2015,32.407899,-117.240017,2,,,
4/6/2015,-47.00316667,-56.42195,4,,,
4/8/2015,17.6251,-101.5569,1,,,
4/8/2015,-44.93216667,-57.13673333,13,,,
4/9/2015,-43.25095,-57.86403333,5,,,
4/10/2015,15.859616,-97.078484,1,,,
4/10/2015,-40.78425,-56.83005,20,,,
4/11/2015,-37.74108333,-56.52986667,9,,,
4/11/2015,28.295049,-115.577844,6,,,
4/12/2015,18.2883,-103.7042,1,,,
4/12/2015,-35.98133333,-56.77021667,10,,,
4/15/2015,26.732861,-113.542154,5,,,
4/16/2015,26.239577,-112.474262,3,,,
4/16/2015,9.8155,-20.36217,10,,,
4/19/2015,20.0076,-105.6062,1,,,
4/19/2015,24.778801,-112.256906,4,,,
4/21/2015,24.301023,-111.70709,14,,,
4/23/2015,21.7932,-105.8398,3,,,
4/25/2015,-10.93303,-34.9287,5,,,
4/29/2015,23.5276,-108.5381,3,,,
5/1/2015,24.599576,-110.400389,8,,,
5/1/2015,37.913321,-122.343344,3,,,
5/2/2015,25.2889,-109.4241,1,,,
5/2/2015,0.31,128.16,4,,,
5/2/2015,39.426348,-123.805699,1,,,
5/3/2015,41.746334,-124.184193,10,,,
5/5/2015,43.346018,-124.323508,0,,,
5/6/2015,22.066708,-64.483376,109,,,
5/6/2015,24.433567,-64.278056,34,,,
5/7/2015,26.55,-16.2,40,,,
5/7/2015,23.183301,-106.420706,8,,,
5/7/2015,48.368836,-124.6248,2,,,
5/8/2015,30.450185,-64.216873,21,,,
5/8/2015,48.399562,-122.494613,2,,,
5/10/2015,24.88333333,-24,7,,,
5/10/2015,-12.75815,-38.63575,3,,,
5/12/2015,24.33638889,-29.15916667,17,,,
5/14/2015,60.19458333,-145.3325,2,,,
5/15/2015,21.312377,-106.223221,14,,,
5/16/2015,26.95,-40.83333333,2,,,
5/17/2015,19.537646,-105.084755,0,,,
5/18/2015,28.18333333,-45.86666667,16,,,
5/20/2015,18.208138,-103.760621,2,,,
5/22/2015,31.63527778,-53.90194444,4,,,
5/22/2015,-27.11763333,-48.54018333,13,,,
5/24/2015,60.39033333,-145.7124333,0,,,
5/25/2015,32.68333333,-62.51666667,3,,,
5/27/2015,32.45111111,-65.83583333,10,,,
5/27/2015,37.483417,-47.516694,89,,,
5/29/2015,77.38339,13.83342,3,,,
6/2/2015,46.229167,-63.124167,1,,,
6/2/2015,46.23,-63.145556,1,,,
6/4/2015,26.1264,-80.09215,7,,,
6/5/2015,26.055,-79.99,6,,,
6/6/2015,18.5,-64.37,0,,,
6/7/2015,50.779417,0.054094,0,,,
6/7/2015,50.5811833,-2.4153333,6,,,
6/8/2015,26.0136,-79.88691667,7,,,
6/9/2015,46.432222,-63.318333,2,,,
6/9/2015,46.388333,-63.7825,1,,,
6/9/2015,46.450556,-63.461667,2,,,
6/9/2015,15.803222,-96.008161,6,,,
6/10/2015,46.455278,-63.293611,2,,,
6/11/2015,24.5459,-81.41246667,1,,,
6/12/2015,-43.610071,146.821896,2,,,
6/13/2015,52.3732,-131.356,1,,,
6/13/2015,60.008,-149.404,15,,,
6/13/2015,69.03017,-16.62,9,,,
6/14/2015,49.52668,-124.63335,2,,,
6/15/2015,52.1173,-131.1566,1,,,
6/15/2015,25.7429,-80.08645,3,,,
6/16/2015,26.0192,-80.08565,6,,,
6/16/2015,60.06606,-149.43947,6,,,
6/17/2015,60.03106,-149.43946,8,,,
6/17/2015,50.16668,-125.3352,9,,,
6/19/2015,42.8,-59.9,4,,,
6/20/2015,65.683027,-18.086119,5,,,
6/20/2015,65.705569,-21.665213,7,,,
6/24/2015,66.017788,-23.448292,10,,,
6/25/2015,15.763737,-96.094417,10,,,
6/26/2015,59.7732,-150.0451,1,,,
6/27/2015,59.87472,-149.7407,7,,,
6/27/2015,59.9816,-139.4553667,12,,,
6/27/2015,66.434639,-163.272417,8,,,
6/28/2015,59.85748,-149.6314,2,,,
6/29/2015,37.85311667,-122.4023667,18,,,
6/30/2015,60.42217,-42.483,8,,,
7/6/2015,36.98238333,-122.9855667,19,,,
7/6/2015,36.97311667,-122.9537333,31,,,
7/7/2015,-43.568965,172.762724,0,,,
7/8/2015,63.68133,-51.63917,21,,,
7/12/2015,37.677222,-76.3275,10,,,
7/14/2015,73.62611667,-81.36758333,107,,,
7/14/2015,73.62611667,-81.36758333,116,,,
7/14/2015,73.62611667,-81.36758333,41,,,
7/14/2015,73.6265,-81.36286667,30,,,
7/14/2015,73.6265,-81.36286667,44,,,
7/14/2015,73.6265,-81.36286667,49,,,
7/14/2015,37.91343333,-122.4544833,21,,,
7/14/2015,-12.97238,-38.51602,0,,,
7/15/2015,-18.55338,43.83788,3,,,
7/16/2015,8.39816,-83.3481,4,,,
7/16/2015,60.04952,-149.44315,8,,,
7/16/2015,60.04422,-149.4409,7,,,
7/19/2015,37.6358333,-76.4125,11,,,
7/21/2015,-13.91547,-38.98988,0,,,
7/22/2015,59.903801,-149.72331,5,,,
7/22/2015,57.17495,-133.1069333,9,,,
7/23/2015,16.51,-144.42,17,,,
7/23/2015,42,-49.1,2,,,
7/24/2015,57.30011667,-133.71685,3,,,
7/25/2015,11.787,-86.514,2,,,
7/25/2015,-14.77318,-38.9879,0,,,
7/26/2015,21.268966,-157.822934,6,,,
7/30/2015,59.94463,-149.29577,7,,,
7/30/2015,-17.9684,-38.71215,1,,,
8/1/2015,38.14138889,-76.61333333,8,,,
8/2/2015,40.4,-44.01,4,,,
8/5/2015,78.9276,11.9374,4,,,
8/6/2015,11.257212,-85.877529,2,,,
8/8/2015,41.4,-39.7,0,,,
8/9/2015,-26.877,-45.608,4,,,
8/10/2015,-29.71,-46.582,2,,,
8/11/2015,-31.696,-48.56,18,,,
8/12/2015,-33.218,-51.063,0,,,
8/12/2015,48.56968,-46.36145,8,,,
8/13/2015,-34.53,-53.86,4,,,
8/15/2015,50.56946,-36.16327,4,,,
8/17/2015,51.40311,-30.18214,10,,,
8/18/2015,62.39033,-10.2745,0,,,
8/19/2015,42.1,-35.3,4,,,
8/21/2015,-35.632,-55.158,44,,,
8/22/2015,-37.458,-55.868,1,,,
8/27/2015,49.485642,-124.353517,0,,,
8/28/2015,49.485642,-124.353517,3,,,
8/28/2015,49.485642,-124.353517,0,,,
8/30/2015,10.935708,-85.866627,6,,,
8/30/2015,58.27733,8.901667,1,,,
9/1/2015,57.91061667,-133.50505,21,,,
9/1/2015,76.53914,-81.246405,7,,,
9/1/2015,49.485642,-124.353517,4,,,
9/2/2015,45.2461,-61.22393333,15,,,
9/2/2015,49.485642,-124.353517,10,,,
9/6/2015,30.15503,-15.15503,1,,,
9/6/2015,30.16137,-15.87577,2,,,
9/7/2015,30.04027,-16.02938,1,,,
9/8/2015,30.0571,-16.04051,0,,,
9/8/2015,30.05721,-16.0496,0,,,
9/9/2015,30.04973,-16.05405,0,,,
9/9/2015,30.03508,-16.05608,1,,,
9/9/2015,30.02843,-16.05731,2,,,
9/10/2015,30.01959,-16.03149,1,,,
9/10/2015,30.02962,-16.01961,2,,,
9/11/2015,30.14995,-15.85514,0,,,
9/11/2015,30.14548,-15.85511,0,,,
9/11/2015,43.5,-30.7,6,,,
9/12/2015,30.134,-15.8703,2,,,
9/12/2015,30.14009,-15.87603,0,,,
9/15/2015,41.201806,-71.560333,6,,,
9/15/2015,41.392942,-71.420267,4,,,
9/18/2015,41.53705,-71.40441,4,,,
9/19/2015,32.631528,-117.104222,4,,,
9/19/2015,32.632222,-117.105583,5,,,
9/19/2015,32.632056,-117.105917,3,,,
9/28/2015,10.850467,-85.797967,4,,,
9/30/2015,30.11666667,-15.88333333,1,,,
10/8/2015,41.56333,-71.23667,4,,,
10/10/2015,39.0558,-76.2883,63,,,
10/10/2015,38.8678,-76.485,51,,,
10/10/2015,38.9387,-76.5281,23,,,
10/11/2015,41.631944,-71.403889,2,,,
10/12/2015,37.656008,-76.436844,8,,,
10/12/2015,37.631705,-76.436581,4,,,
10/12/2015,37.625939,-76.409586,4,,,
10/12/2015,37.58982,-76.2855,48,,,
10/18/2015,-12.147541,-77.025402,0,,,
10/25/2015,48.810111,-123.318694,1,,,
10/25/2015,48.733889,-123.1875,8,,,
10/28/2015,20.691604,-156.444971,4,,,
10/31/2015,-43.57150674,172.7713555,2,,,
11/2/2015,21.016144,-156.639876,6,,,
11/2/2015,-32.92106667,-71.64111,0,,,
11/4/2015,-52.92278,-70.5933,12,,,
11/6/2015,-51.91417,-72.73694,2,,,
11/9/2015,-42.74051,147.207052,0,,,
11/11/2015,45.44075,12.32145,2,,,
11/12/2015,34.2,-77.26667,323,,,
11/13/2015,38.8992,-76.4797,16,,,
11/15/2015,-42.913731,147.360354,3,,,
11/17/2015,24.32417,-110.3272,0,,,
11/17/2015,38.8663,-76.4925,26,,,
11/19/2015,23.37897641,-109.4305,6,,,
11/23/2015,60.373506,-146.231834,11,,,
12/2/2015,60.03022,-148.038987,8,,,
12/2/2015,60.04515,-147.55605,8,,,
12/2/2015,60.311944,-148.055605,13,,,
12/4/2015,60.33072,-148.01997,6,,,
12/4/2015,60.466666,-148.39903,11,,,
12/4/2015,60.484764,-148.343776,26,,,
12/4/2015,60.485862,-148.268703,6,,,
12/5/2015,60.153596,-147.329578,16,,,
12/5/2015,60.212917,-147.171583,10,,,
12/7/2015,60.518789,-147.35228,6,,,
12/7/2015,60.476233,-147.47189,6,,,
12/13/2015,60.543707,-145.762503,0,,,
12/13/2015,60.562733,-145.742953,12,,,
12/24/2015,-2.513579,9.751595,7,,,
12/25/2015,25.31615,-80.908183,0,,,
12/28/2015,1.745,110.493,0,,,
12/29/2015,1.81,110.325,0,,,
12/30/2015,-20.187121,-70.180562,0,,,
1/2/2016,-20.646684,-70.19815,0,,,
1/5/2016,18.31667,-64,10,,,
1/7/2016,8.55,140.06,0,,,
1/7/2016,18.2243,-64.31981,0,,,
1/8/2016,1.2817,108.13,3,,,
1/8/2016,26.35833,-78.48333,68,,,
1/10/2016,18.3031196,-64.2330754,0,,,
1/10/2016,0.9283,107.473,3,,,
1/12/2016,-38.03473913,140.6198572,0,,,
1/12/2016,0.043,107.86167,8,,,
1/13/2016,-1.71483,108.678167,0,,,
1/16/2016,-1.9787,108.39467,1,,,
1/19/2016,18.2038,-64.4243,0,,,
1/20/2016,18.2642,-64.45052,6,,,
1/24/2016,-37.16196181,139.7618177,0,,,
1/24/2016,18.2893,-64.277,0,,,
1/24/2016,-2.3727,107.6495,5,,,
1/25/2016,-64.541524,-61.995803,12,,,
1/25/2016,-64.655973,-62.129507,8,,,
1/25/2016,24.36167,-76.52833,3,,,
1/26/2016,-2.8098,107.366,0,,,
1/28/2016,-64.823977,-63.484497,11,,,
1/28/2016,24.395,-76.635,7,,,
1/31/2016,-64.817176,-63.5025,8,,,
2/4/2016,-55.295339,-66.837689,1,,,
2/5/2016,23.88667,-76.165,1,,,
2/6/2016,-54.934913,-67.61865,12,,,
2/6/2016,-54.874657,-68.022979,14,,,
2/12/2016,-38.05912813,140.7992117,0,,,
2/18/2016,12.301,-82.986,7,,,
2/21/2016,12.82465,-60.371583,19,,,
2/25/2016,14.0116,-59.7146,21,,,
2/26/2016,-38.03774,140.94376,0,,,
2/26/2016,14.19308,-60.8738,2,,,
3/5/2016,14.3452,-61.67163,8,,,
3/5/2016,22.36167,-72.98333,0,,,
3/7/2016,15.37885,-61.49292,1,,,
3/9/2016,16.9754,-61.78135,10,,,
3/11/2016,17.0115,-61.7824,5,,,
3/13/2016,-3.14583,111.47267,1,,,
3/13/2016,10.29002,-109.23054,3,,,
3/14/2016,3.543837,100.227747,77,,,
3/14/2016,37.788174,-122.491338,3,,,
3/14/2016,37.788174,-122.491338,2,,,
3/14/2016,10.32106,-109.22913,1,,,
3/14/2016,10.28359,-109.21552,3,,,
3/15/2016,38.879,-76.521,18,,,
3/15/2016,38.8592,-76.5101,10,,,
3/15/2016,19.90167,-70.95333,36,,,
3/15/2016,10.31494,-109.21211,1,,,
3/16/2016,10.29423,-109.20042,1,,,
3/16/2016,10.28636,-109.22016,0,,,
3/17/2016,10.31207,-109.20273,0,,,
3/17/2016,10.29929,-109.19892,1,,,
3/17/2016,10.28839,-109.20377,1,,,
3/18/2016,10.33125,-109.24828,3,,,
3/19/2016,-2.7367,111.7367,0,,,
3/19/2016,10.30101,-109.16983,3,,,
3/19/2016,10.31713,-109.21667,0,,,
3/22/2016,-1.66,108.92167,0,,,
3/25/2016,11.13997,-85.7964,0,,,
3/28/2016,-0.01,108.70167,0,,,
3/30/2016,18.75492,-110.91424,0,,,
3/30/2016,18.7996,-110.9158,1,,,
3/31/2016,18.84204,-110.94576,0,,,
3/31/2016,18.81913,-110.93303,3,,,
4/1/2016,18.78367,-111.04778,0,,,
4/1/2016,18.76801,-111.0237,0,,,
4/3/2016,58.4,-152.3,5,,,
4/3/2016,19.90167,-70.95333,1,,,
4/4/2016,19.382409,-155.990753,0,,,
4/4/2016,19.432924,-156.153488,4,,,
4/4/2016,18.99268,-112.08426,0,,,
4/6/2016,3.81,112.9183,0,,,
4/8/2016,19.08,-69.47,6,,,
4/9/2016,-3.969059,106.440687,25,,,
4/9/2016,58.3,-152.06,5,,,
4/9/2016,19.3096,-110.8192,1,,,
4/9/2016,19.29609,-110.8148,0,,,
4/14/2016,23.46238,-109.4078,3,,,
4/16/2016,-7.989448,102.649707,93,,,
4/17/2016,19.646346,-156.017618,0,,,
4/25/2016,-0.57,-90.57,3,,,
4/26/2016,9.92333,116.3,24,,,
4/28/2016,-2.52,-94.4,4,,,
4/29/2016,-12.091676,96.883339,24,,,
4/29/2016,14.228,118.822,21,,,
5/1/2016,-3.25,-98.43,0,,,
5/3/2016,-5.11,-102.52,4,,,
5/4/2016,18.0395937,-63.09167675,0,,,
5/5/2016,9.291475,-82.087536,0,,,
5/5/2016,-5.52,-106.54,2,,,
5/6/2016,18.364224,-64.725497,0,,,
5/6/2016,18.364224,-64.725497,0,,,
5/6/2016,18.35964,-64.811367,0,,,
5/6/2016,18.301008,-64.82921,0,,,
5/6/2016,18.326917,-64.796802,3,,,
5/7/2016,-16.351642,78.834707,13,,,
5/7/2016,59.86,-149.11,13,,,
5/7/2016,-5.58,-111.4,2,,,
5/8/2016,70.668056,25.389722,1,,,
5/8/2016,19.4577,-154.8418,0,,,
5/14/2016,-8.43,-123.39,0,,,
5/17/2016,-9.5,-130.04,0,,,
5/18/2016,27.91458,-64.04535,41,,,
5/19/2016,30.31269,-64.14373,45,,,
5/23/2016,7.693,-81.7568,0,,,
5/24/2016,60.7,-147.07,0,,,
5/25/2016,56.33388,-6.38302,0,,,
5/27/2016,56.8307,-6.15612,0,,,
5/28/2016,39.5277,-75.8119,0,,,
5/28/2016,39.5541,-75.6178,0,,,
5/29/2016,63.127924,18.82602,0,,,
6/2/2016,23.641,122.963,7,,,
6/2/2016,-33.894006,121.82325,0,,,
6/4/2016,7.47945,-82.23422,5,,,
6/4/2016,41.06251,17.73452,10,,,
6/7/2016,16.305,-61.79833,18,,,
6/8/2016,18.44998886,-64.43644239,0,,,
6/9/2016,38.19424,13.91563,10,,,
6/10/2016,18.43562659,-64.71217976,0,,,
6/10/2016,18.4419248,-64.75108797,0,,,
6/12/2016,38.86067,9.43051,11,,,
6/13/2016,78.3,13.93,3,,,
6/13/2016,24.342,124.147,3,,,
6/14/2016,8.62088,-83.15415,1,,,
6/17/2016,81.09,15.5,31,,,
6/18/2016,79.96,18.62,11,,,
6/19/2016,-43.571806,172.7665,0,,,
6/19/2016,26.163,127.342,1,,,
6/22/2016,5.55323,-87.04492,0,,,
6/23/2016,79,12.23,0,,,
6/23/2016,4.79588,-87.49332,0,,,
6/24/2016,26.272,127.555,2,,,
6/30/2016,-0.898033,-89.6147,1,,,
7/3/2016,28.111,129.335,5,,,
7/9/2016,28.192,129.217,2,,,
7/10/2016,38.8756,-76.2563,7,,,
7/10/2016,38.8211,-76.4317,9,,,
7/15/2016,41.4947,-71.0185,0,,,
7/17/2016,30.769,130.32,9,,,
7/20/2016,31.862,124.927,1,,,
7/21/2016,42.95218,-9.19063,0,,,
7/25/2016,31.969072,-117.152222,6,,,
7/30/2016,33.123,129.574,3,,,
8/7/2016,-38.46927,144.085317,0,,,
8/8/2016,70.72458,-147.25027,280,,,
8/9/2016,-38.383071,144.257172,0,,,
8/12/2016,70.07197,-135.40517,176,,,
8/14/2016,70.32363,-122.89848,199,,,
8/15/2016,-38.662567,143.865095,0,,,
8/16/2016,68.40548,-111.93873,206,,,
8/19/2016,67.456087,-95.357297,3,,,
8/20/2016,39.0854,-76.1694,14,,,
8/22/2016,68.50928,-101.72495,73,,,
8/23/2016,41.514806,-70.982189,0,,,
8/27/2016,69.06988,-95.05578,132,,,
8/30/2016,61.14436,-165.3639,3,,,
9/1/2016,71.82675,-93.69878,87,,,
9/3/2016,69.67642,-81.94312,64,,,
9/8/2016,65.2585,-78.7545,44,,,
9/12/2016,61.03802,-66.93245,7,,,
9/13/2016,33.592,130.312,0,,,
9/14/2016,-16.452878,123.010045,1,,,
9/15/2016,48.47833,-125.06494,3,,,
9/15/2016,34.262,132.768,0,,,
9/16/2016,46.90919,-124.1755,0,,,
9/18/2016,26.416793,-80.066681,5,,,
9/20/2016,46.23,-124.14658,3,,,
9/20/2016,34.376,133.238,0,,,
9/24/2016,-17.930272,122.209109,0,,,
9/25/2016,46.23632628,-124.1053679,7,,,
9/25/2016,46.07668031,-124.4126101,5,,,
9/25/2016,60.797,-148.093,0,,,
9/25/2016,4.36896,-84.80075,0,,,
9/27/2016,-19.14743,-169.84387,0,,,
9/27/2016,-19.11178,-169.81044,0,,,
9/27/2016,-19.13202,-169.92126,0,,,
9/28/2016,-19.07676,-169.78067,1,,,
9/28/2016,-19.03322,-169.78719,0,,,
9/28/2016,-18.98964,-169.7998,0,,,
9/29/2016,60.991,-147.587,9,,,
9/29/2016,-18.95335,-169.83644,1,,,
9/29/2016,-18.96216,-169.88451,0,,,
9/29/2016,-18.9979,-169.91362,0,,,
9/30/2016,60.967,-147.392,0,,,
9/30/2016,1.190333,-98.19576,0,,,
9/30/2016,38.83938084,-123.7675996,1,,,
9/30/2016,-19.02237,-169.92288,2,,,
9/30/2016,-19.02794,-169.92088,1,,,
10/1/2016,60.774,-147.029,12,,,
10/1/2016,-19.96635,-167.76169,1,,,
10/1/2016,-20.00662,-167.7365,0,,,
10/2/2016,-19.96822,-167.74692,0,,,
10/2/2016,-20.00559,-167.76918,0,,,
10/3/2016,60.678,-145.941,5,,,
10/3/2016,-19.9733,-167.77487,1,,,
10/3/2016,-20.01466,-167.76904,0,,,
10/4/2016,-20.02414,-167.74533,4,,,
10/4/2016,-20.00397,-167.76002,0,,,
10/5/2016,-4.09933,-112.2995,0,,,
10/5/2016,34.408,133.203,10,,,
10/9/2016,-19.04429,-169.92613,0,,,
10/10/2016,50.32258,-5.20192,5,,,
10/10/2016,50.32471,-5.19983,0,,,
10/10/2016,50.3288,-5.19319,1,,,
10/10/2016,50.33765,-5.18345,0,,,
10/10/2016,-9.7124666,-123.0355666,1,,,
10/11/2016,50.32274,-5.20577,0,,,
10/11/2016,50.32275,-5.21185,0,,,
10/11/2016,50.32255,-5.2224,3,,,
10/11/2016,50.3201,-5.23333,3,,,
10/12/2016,-54.42706667,-69.86105,5,,,
10/13/2016,39.8933,-76.5354,3,,,
10/13/2016,-10.4311,-133.32085,0,,,
10/13/2016,34.409,133.512,0,,,
10/14/2016,30.50125,-86.43546,0,,,
10/14/2016,30.50675,-86.43721,0,,,
10/14/2016,50.29642,-5.24134,1,,,
10/15/2016,-54.12329167,-71.00786667,3,,,
10/17/2016,78.36928,15.73049,0,,,
10/18/2016,37.86039739,-122.4725689,0,,,
10/19/2016,-12.961,-143.765,0,,,
10/22/2016,-16.7579,-147.562,0,,,
11/1/2016,34.644,134.493,0,,,
11/3/2016,-8.219564608,117.4853165,2,,,
11/6/2016,-8.652476454,119.7133189,3,,,
11/6/2016,-8.652212634,119.7130182,4,,,
11/8/2016,-8.346045516,116.0911059,1,,,
11/8/2016,-8.122221837,117.7527691,3,,,
11/8/2016,-8.121961443,117.7523762,7,,,
11/13/2016,37.63073,-76.33842,2,,,
11/13/2016,37.6707,-76.30738,0,,,
11/13/2016,37.68993,-76.34219,0,,,
11/21/2016,-62.199383,-58.958173,1,,,
11/22/2016,-54.80639167,-64.36921667,10,,,
11/24/2016,-54.73755,-63.86291667,18,,,
11/24/2016,-64.814735,-63.50947,13,,,
11/25/2016,-64.729642,-62.601565,5,,,
11/26/2016,-62.595343,-59.902458,1,,,
12/26/2016,25.7853,-81.4186,3,,,
12/27/2016,25.7535,-81.3766,5,,,
12/28/2016,25.7755,-81.3747,1,,,
12/28/2016,25.8384,-81.3923,1,,,
12/31/2016,27.06034,142.19492,0,,,
1/2/2017,27.09369,142.19324,0,,,
1/7/2017,27.10986,142.20438,0,,,
1/7/2017,-5.6916,53.67458,0,,,
1/8/2017,-7.0409,52.75855,0,,,
1/9/2017,-9.53973,50.9678,0,,,
1/10/2017,-12.26853,49.28116,0,,,
1/11/2017,-15.49762,49.756,0,,,
1/12/2017,-15.70887,49.95257,0,,,
1/13/2017,-16.9971,49.84033,0,,,
1/15/2017,-21.05307,55.22383,2,,,
1/17/2017,-37.06098,-12.30006,1,,,
1/17/2017,-37.07031,-12.24409,1,,,
1/18/2017,-37.09443,-12.34537,0,,,
1/18/2017,-37.07833,-12.33173,1,,,
1/19/2017,-37.41524,-12.47443,1,,,
1/20/2017,-40.35841,-9.88118,4,,,
1/20/2017,-40.34383,-9.87643,1,,,
1/21/2017,-40.32334,-9.89622,1,,,
1/27/2017,-37.29302,-12.64431,1,,,
1/27/2017,-37.30469,-12.64304,1,,,
1/27/2017,-37.31267,-12.66201,0,,,
1/28/2017,-37.28726,-12.69707,3,,,
1/28/2017,-37.28541,-12.6657,1,,,
1/29/2017,-37.41821,-12.48476,1,,,
1/29/2017,-37.42353,-12.47042,0,,,
1/30/2017,-37.43067,-12.48154,0,,,
2/1/2017,-53.86423,-72.18653,4,,,
2/3/2017,-58.4282667,-64.1639667,20,,,
2/4/2017,-55.96066,-67.22369,4,,,
2/4/2017,-55.96479,-67.21429,3,,,
2/5/2017,-56.5195,-68.70136,3,,,
2/6/2017,-56.51716,-68.71955,0,,,
2/7/2017,-55.82639,-67.27045,0,,,
2/8/2017,-64.54003333,-61.99863333,11,,,
2/8/2017,-55.81012,-67.51534,0,,,
2/8/2017,-55.83443,-67.5218,3,,,
2/9/2017,-55.7586,-67.48488,3,,,
2/9/2017,-55.7504,-67.47913,3,,,
2/10/2017,-55.75012,-67.50832,0,,,
2/10/2017,-55.59039,-67.52548,0,,,
2/11/2017,-55.6251,-67.48141,0,,,
2/11/2017,-55.62416,-67.48398,1,,,
2/11/2017,-55.52999,-67.60627,3,,,
3/23/2017,-54.81363059,-68.30629231,11,,,
3/23/2017,-54.8861,-67.2688,5,,,
3/24/2017,-54.91737542,-65.98619719,9,,,
3/26/2017,-54.78006,-64.40836,20,,,
3/27/2017,-54.77989499,-64.05566602,5,,,
3/27/2017,-54.77671238,-64.04878624,3,,,
3/29/2017,-52.97234574,-60.03706179,2,,,
3/30/2017,-51.93445,-58.01267,0,,,
,63.22161,-41.40596,3,,,
,63.47081,-41.93471,0,,,
,65.61092,-37.64574,1,,,
,9.95853,-84.89108,9,,,
